Source,Target
1,11
1,12
1,13
1,14
1,15
1,16
1,17
1,18
1,19
1,20
2,11
2,12
2,13
2,14
2,15
2,16
2,17
2,18
2,19
2,20
3,11
3,12
3,13
3,14
3,15
3,16
3,17
3,18
3,19
3,20
4,11
4,12
4,13
4,14
4,15
4,16
4,17
4,18
4,19
4,20
5,11
5,12
5,13
5,14
5,15
5,16
5,17
5,18
5,19
5,20
6,11
6,12
6,13
6,14
6,15
6,16
6,17
6,18
6,19
6,20
7,11
7,12
7,13
7,14
7,15
7,16
7,17
7,18
7,19
7,20
8,11
8,12
8,13
8,14
8,15
8,16
8,17
8,18
8,19
8,20
9,11
9,12
9,13
9,14
9,15
9,16
9,17
9,18
9,19
9,20
10,11
10,12
10,13
10,14
10,15
10,16
10,17
10,18
10,19
10,20
11,1
11,2
11,3
11,4
11,5
11,6
11,7
11,8
11,9
11,10
12,1
12,2
12,3
12,4
12,5
12,6
12,7
12,8
12,9
12,10
13,1
13,2
13,3
13,4
13,5
13,6
13,7
13,8
13,9
13,10
14,1
14,2
14,3
14,4
14,5
14,6
14,7
14,8
14,9
14,10
15,1
15,2
15,3
15,4
15,5
15,6
15,7
15,8
15,9
15,10
16,1
16,2
16,3
16,4
16,5
16,6
16,7
16,8
16,9
16,10
17,1
17,2
17,3
17,4
17,5
17,6
17,7
17,8
17,9
17,10
18,1
18,2
18,3
18,4
18,5
18,6
18,7
18,8
18,9
18,10
19,1
19,2
19,3
19,4
19,5
19,6
19,7
19,8
19,9
19,10
20,1
20,2
20,3
20,4
20,5
20,6
20,7
20,8
20,9
20,10
21,40
21,41
21,42
21,43
21,44
21,45
21,46
21,47
21,48
21,49
21,50
21,51
21,52
21,53
21,54
21,55
22,40
22,41
22,42
22,43
22,44
22,45
22,46
22,47
22,48
22,49
22,50
22,51
22,52
22,53
22,54
22,55
23,40
23,41
23,42
23,43
23,44
23,45
23,46
23,47
23,48
23,49
23,50
23,51
23,52
23,53
23,54
23,55
24,40
24,41
24,42
24,43
24,44
24,45
24,46
24,47
24,48
24,49
24,50
24,51
24,52
24,53
24,54
24,55
25,40
25,41
25,42
25,43
25,44
25,45
25,46
25,47
25,48
25,49
25,50
25,51
25,52
25,53
25,54
25,55
26,40
26,41
26,42
26,43
26,44
26,45
26,46
26,47
26,48
26,49
26,50
26,51
26,52
26,53
26,54
26,55
27,40
27,41
27,42
27,43
27,44
27,45
27,46
27,47
27,48
27,49
27,50
27,51
27,52
27,53
27,54
27,55
28,40
28,41
28,42
28,43
28,44
28,45
28,46
28,47
28,48
28,49
28,50
28,51
28,52
28,53
28,54
28,55
29,40
29,41
29,42
29,43
29,44
29,45
29,46
29,47
29,48
29,49
29,50
29,51
29,52
29,53
29,54
29,55
30,40
30,41
30,42
30,43
30,44
30,45
30,46
30,47
30,48
30,49
30,50
30,51
30,52
30,53
30,54
30,55
31,40
31,41
31,42
31,43
31,44
31,45
31,46
31,47
31,48
31,49
31,50
31,51
31,52
31,53
31,54
31,55
32,40
32,41
32,42
32,43
32,44
32,45
32,46
32,47
32,48
32,49
32,50
32,51
32,52
32,53
32,54
32,55
33,40
33,41
33,42
33,43
33,44
33,45
33,46
33,47
33,48
33,49
33,50
33,51
33,52
33,53
33,54
33,55
34,40
34,41
34,42
34,43
34,44
34,45
34,46
34,47
34,48
34,49
34,50
34,51
34,52
34,53
34,54
34,55
35,40
35,41
35,42
35,43
35,44
35,45
35,46
35,47
35,48
35,49
35,50
35,51
35,52
35,53
35,54
35,55
36,40
36,41
36,42
36,43
36,44
36,45
36,46
36,47
36,48
36,49
36,50
36,51
36,52
36,53
36,54
36,55
37,40
37,41
37,42
37,43
37,44
37,45
37,46
37,47
37,48
37,49
37,50
37,51
37,52
37,53
37,54
37,55
38,40
38,41
38,42
38,43
38,44
38,45
38,46
38,47
38,48
38,49
38,50
38,51
38,52
38,53
38,54
38,55
39,40
39,41
39,42
39,43
39,44
39,45
39,46
39,47
39,48
39,49
39,50
39,51
39,52
39,53
39,54
39,55
40,21
40,22
40,23
40,24
40,25
40,26
40,27
40,28
40,29
40,30
40,31
40,32
40,33
40,34
40,35
40,36
40,37
40,38
40,39
41,21
41,22
41,23
41,24
41,25
41,26
41,27
41,28
41,29
41,30
41,31
41,32
41,33
41,34
41,35
41,36
41,37
41,38
41,39
42,21
42,22
42,23
42,24
42,25
42,26
42,27
42,28
42,29
42,30
42,31
42,32
42,33
42,34
42,35
42,36
42,37
42,38
42,39
43,21
43,22
43,23
43,24
43,25
43,26
43,27
43,28
43,29
43,30
43,31
43,32
43,33
43,34
43,35
43,36
43,37
43,38
43,39
44,21
44,22
44,23
44,24
44,25
44,26
44,27
44,28
44,29
44,30
44,31
44,32
44,33
44,34
44,35
44,36
44,37
44,38
44,39
45,21
45,22
45,23
45,24
45,25
45,26
45,27
45,28
45,29
45,30
45,31
45,32
45,33
45,34
45,35
45,36
45,37
45,38
45,39
46,21
46,22
46,23
46,24
46,25
46,26
46,27
46,28
46,29
46,30
46,31
46,32
46,33
46,34
46,35
46,36
46,37
46,38
46,39
47,21
47,22
47,23
47,24
47,25
47,26
47,27
47,28
47,29
47,30
47,31
47,32
47,33
47,34
47,35
47,36
47,37
47,38
47,39
48,21
48,22
48,23
48,24
48,25
48,26
48,27
48,28
48,29
48,30
48,31
48,32
48,33
48,34
48,35
48,36
48,37
48,38
48,39
49,21
49,22
49,23
49,24
49,25
49,26
49,27
49,28
49,29
49,30
49,31
49,32
49,33
49,34
49,35
49,36
49,37
49,38
49,39
50,21
50,22
50,23
50,24
50,25
50,26
50,27
50,28
50,29
50,30
50,31
50,32
50,33
50,34
50,35
50,36
50,37
50,38
50,39
51,21
51,22
51,23
51,24
51,25
51,26
51,27
51,28
51,29
51,30
51,31
51,32
51,33
51,34
51,35
51,36
51,37
51,38
51,39
52,21
52,22
52,23
52,24
52,25
52,26
52,27
52,28
52,29
52,30
52,31
52,32
52,33
52,34
52,35
52,36
52,37
52,38
52,39
53,21
53,22
53,23
53,24
53,25
53,26
53,27
53,28
53,29
53,30
53,31
53,32
53,33
53,34
53,35
53,36
53,37
53,38
53,39
54,21
54,22
54,23
54,24
54,25
54,26
54,27
54,28
54,29
54,30
54,31
54,32
54,33
54,34
54,35
54,36
54,37
54,38
54,39
55,21
55,22
55,23
55,24
55,25
55,26
55,27
55,28
55,29
55,30
55,31
55,32
55,33
55,34
55,35
55,36
55,37
55,38
55,39
56,66
56,67
56,68
56,69
56,70
56,71
56,72
56,73
56,74
56,75
57,66
57,67
57,68
57,69
57,70
57,71
57,72
57,73
57,74
57,75
58,66
58,67
58,68
58,69
58,70
58,71
58,72
58,73
58,74
58,75
59,66
59,67
59,68
59,69
59,70
59,71
59,72
59,73
59,74
59,75
60,66
60,67
60,68
60,69
60,70
60,71
60,72
60,73
60,74
60,75
61,66
61,67
61,68
61,69
61,70
61,71
61,72
61,73
61,74
61,75
62,66
62,67
62,68
62,69
62,70
62,71
62,72
62,73
62,74
62,75
63,66
63,67
63,68
63,69
63,70
63,71
63,72
63,73
63,74
63,75
64,66
64,67
64,68
64,69
64,70
64,71
64,72
64,73
64,74
64,75
65,66
65,67
65,68
65,69
65,70
65,71
65,72
65,73
65,74
65,75
66,56
66,57
66,58
66,59
66,60
66,61
66,62
66,63
66,64
66,65
67,56
67,57
67,58
67,59
67,60
67,61
67,62
67,63
67,64
67,65
68,56
68,57
68,58
68,59
68,60
68,61
68,62
68,63
68,64
68,65
69,56
69,57
69,58
69,59
69,60
69,61
69,62
69,63
69,64
69,65
70,56
70,57
70,58
70,59
70,60
70,61
70,62
70,63
70,64
70,65
71,56
71,57
71,58
71,59
71,60
71,61
71,62
71,63
71,64
71,65
72,56
72,57
72,58
72,59
72,60
72,61
72,62
72,63
72,64
72,65
73,56
73,57
73,58
73,59
73,60
73,61
73,62
73,63
73,64
73,65
74,56
74,57
74,58
74,59
74,60
74,61
74,62
74,63
74,64
74,65
75,56
75,57
75,58
75,59
75,60
75,61
75,62
75,63
75,64
75,65
76,94
76,95
76,96
76,97
76,98
76,99
76,100
76,101
76,102
76,103
76,104
76,105
76,106
76,107
76,108
76,109
76,110
76,111
77,94
77,95
77,96
77,97
77,98
77,99
77,100
77,101
77,102
77,103
77,104
77,105
77,106
77,107
77,108
77,109
77,110
77,111
78,94
78,95
78,96
78,97
78,98
78,99
78,100
78,101
78,102
78,103
78,104
78,105
78,106
78,107
78,108
78,109
78,110
78,111
79,94
79,95
79,96
79,97
79,98
79,99
79,100
79,101
79,102
79,103
79,104
79,105
79,106
79,107
79,108
79,109
79,110
79,111
80,94
80,95
80,96
80,97
80,98
80,99
80,100
80,101
80,102
80,103
80,104
80,105
80,106
80,107
80,108
80,109
80,110
80,111
81,94
81,95
81,96
81,97
81,98
81,99
81,100
81,101
81,102
81,103
81,104
81,105
81,106
81,107
81,108
81,109
81,110
81,111
82,94
82,95
82,96
82,97
82,98
82,99
82,100
82,101
82,102
82,103
82,104
82,105
82,106
82,107
82,108
82,109
82,110
82,111
83,94
83,95
83,96
83,97
83,98
83,99
83,100
83,101
83,102
83,103
83,104
83,105
83,106
83,107
83,108
83,109
83,110
83,111
84,94
84,95
84,96
84,97
84,98
84,99
84,100
84,101
84,102
84,103
84,104
84,105
84,106
84,107
84,108
84,109
84,110
84,111
85,94
85,95
85,96
85,97
85,98
85,99
85,100
85,101
85,102
85,103
85,104
85,105
85,106
85,107
85,108
85,109
85,110
85,111
86,94
86,95
86,96
86,97
86,98
86,99
86,100
86,101
86,102
86,103
86,104
86,105
86,106
86,107
86,108
86,109
86,110
86,111
87,94
87,95
87,96
87,97
87,98
87,99
87,100
87,101
87,102
87,103
87,104
87,105
87,106
87,107
87,108
87,109
87,110
87,111
88,94
88,95
88,96
88,97
88,98
88,99
88,100
88,101
88,102
88,103
88,104
88,105
88,106
88,107
88,108
88,109
88,110
88,111
89,94
89,95
89,96
89,97
89,98
89,99
89,100
89,101
89,102
89,103
89,104
89,105
89,106
89,107
89,108
89,109
89,110
89,111
90,94
90,95
90,96
90,97
90,98
90,99
90,100
90,101
90,102
90,103
90,104
90,105
90,106
90,107
90,108
90,109
90,110
90,111
91,94
91,95
91,96
91,97
91,98
91,99
91,100
91,101
91,102
91,103
91,104
91,105
91,106
91,107
91,108
91,109
91,110
91,111
92,94
92,95
92,96
92,97
92,98
92,99
92,100
92,101
92,102
92,103
92,104
92,105
92,106
92,107
92,108
92,109
92,110
92,111
93,94
93,95
93,96
93,97
93,98
93,99
93,100
93,101
93,102
93,103
93,104
93,105
93,106
93,107
93,108
93,109
93,110
93,111
94,76
94,77
94,78
94,79
94,80
94,81
94,82
94,83
94,84
94,85
94,86
94,87
94,88
94,89
94,90
94,91
94,92
94,93
95,76
95,77
95,78
95,79
95,80
95,81
95,82
95,83
95,84
95,85
95,86
95,87
95,88
95,89
95,90
95,91
95,92
95,93
96,76
96,77
96,78
96,79
96,80
96,81
96,82
96,83
96,84
96,85
96,86
96,87
96,88
96,89
96,90
96,91
96,92
96,93
97,76
97,77
97,78
97,79
97,80
97,81
97,82
97,83
97,84
97,85
97,86
97,87
97,88
97,89
97,90
97,91
97,92
97,93
98,76
98,77
98,78
98,79
98,80
98,81
98,82
98,83
98,84
98,85
98,86
98,87
98,88
98,89
98,90
98,91
98,92
98,93
99,76
99,77
99,78
99,79
99,80
99,81
99,82
99,83
99,84
99,85
99,86
99,87
99,88
99,89
99,90
99,91
99,92
99,93
100,76
100,77
100,78
100,79
100,80
100,81
100,82
100,83
100,84
100,85
100,86
100,87
100,88
100,89
100,90
100,91
100,92
100,93
101,76
101,77
101,78
101,79
101,80
101,81
101,82
101,83
101,84
101,85
101,86
101,87
101,88
101,89
101,90
101,91
101,92
101,93
102,76
102,77
102,78
102,79
102,80
102,81
102,82
102,83
102,84
102,85
102,86
102,87
102,88
102,89
102,90
102,91
102,92
102,93
103,76
103,77
103,78
103,79
103,80
103,81
103,82
103,83
103,84
103,85
103,86
103,87
103,88
103,89
103,90
103,91
103,92
103,93
104,76
104,77
104,78
104,79
104,80
104,81
104,82
104,83
104,84
104,85
104,86
104,87
104,88
104,89
104,90
104,91
104,92
104,93
105,76
105,77
105,78
105,79
105,80
105,81
105,82
105,83
105,84
105,85
105,86
105,87
105,88
105,89
105,90
105,91
105,92
105,93
106,76
106,77
106,78
106,79
106,80
106,81
106,82
106,83
106,84
106,85
106,86
106,87
106,88
106,89
106,90
106,91
106,92
106,93
107,76
107,77
107,78
107,79
107,80
107,81
107,82
107,83
107,84
107,85
107,86
107,87
107,88
107,89
107,90
107,91
107,92
107,93
108,76
108,77
108,78
108,79
108,80
108,81
108,82
108,83
108,84
108,85
108,86
108,87
108,88
108,89
108,90
108,91
108,92
108,93
109,76
109,77
109,78
109,79
109,80
109,81
109,82
109,83
109,84
109,85
109,86
109,87
109,88
109,89
109,90
109,91
109,92
109,93
110,76
110,77
110,78
110,79
110,80
110,81
110,82
110,83
110,84
110,85
110,86
110,87
110,88
110,89
110,90
110,91
110,92
110,93
111,76
111,77
111,78
111,79
111,80
111,81
111,82
111,83
111,84
111,85
111,86
111,87
111,88
111,89
111,90
111,91
111,92
111,93
112,122
112,123
112,124
112,125
112,126
112,127
112,128
112,129
112,130
112,131
113,122
113,123
113,124
113,125
113,126
113,127
113,128
113,129
113,130
113,131
114,122
114,123
114,124
114,125
114,126
114,127
114,128
114,129
114,130
114,131
115,122
115,123
115,124
115,125
115,126
115,127
115,128
115,129
115,130
115,131
116,122
116,123
116,124
116,125
116,126
116,127
116,128
116,129
116,130
116,131
117,122
117,123
117,124
117,125
117,126
117,127
117,128
117,129
117,130
117,131
119,122
119,123
119,124
119,125
119,126
119,127
119,128
119,129
119,130
119,131
120,122
120,123
120,124
120,125
120,126
120,127
120,128
120,129
120,130
120,131
121,122
121,123
121,124
121,125
121,126
121,127
121,128
121,129
121,130
121,131
122,112
122,113
122,114
122,115
122,116
122,117
122,119
122,120
122,121
122,128
123,112
123,113
123,114
123,115
123,116
123,117
123,119
123,120
123,121
123,128
124,112
124,113
124,114
124,115
124,116
124,117
124,119
124,120
124,121
124,128
125,112
125,113
125,114
125,115
125,116
125,117
125,119
125,120
125,121
125,128
126,112
126,113
126,114
126,115
126,116
126,117
126,119
126,120
126,121
126,128
127,112
127,113
127,114
127,115
127,116
127,117
127,119
127,120
127,121
127,128
128,112
128,113
128,114
128,115
128,116
128,117
128,119
128,120
128,121
128,128
129,112
129,113
129,114
129,115
129,116
129,117
129,119
129,120
129,121
129,128
130,112
130,113
130,114
130,115
130,116
130,117
130,119
130,120
130,121
130,128
131,112
131,113
131,114
131,115
131,116
131,117
131,119
131,120
131,121
131,128
132,137
132,138
132,139
132,140
132,141
133,137
133,138
133,139
133,140
133,141
134,137
134,138
134,139
134,140
134,141
135,137
135,138
135,139
135,140
135,141
136,137
136,138
136,139
136,140
136,141
137,132
137,133
137,134
137,135
137,136
138,132
138,133
138,134
138,135
138,136
139,132
139,133
139,134
139,135
139,136
140,132
140,133
140,134
140,135
140,136
141,132
141,133
141,134
141,135
141,136
142,158
142,159
142,160
142,161
142,162
142,163
142,164
142,165
142,166
142,167
142,168
142,169
142,170
142,171
142,172
142,173
143,158
143,159
143,160
143,161
143,162
143,163
143,164
143,165
143,166
143,167
143,168
143,169
143,170
143,171
143,172
143,173
144,158
144,159
144,160
144,161
144,162
144,163
144,164
144,165
144,166
144,167
144,168
144,169
144,170
144,171
144,172
144,173
145,158
145,159
145,160
145,161
145,162
145,163
145,164
145,165
145,166
145,167
145,168
145,169
145,170
145,171
145,172
145,173
146,158
146,159
146,160
146,161
146,162
146,163
146,164
146,165
146,166
146,167
146,168
146,169
146,170
146,171
146,172
146,173
147,158
147,159
147,160
147,161
147,162
147,163
147,164
147,165
147,166
147,167
147,168
147,169
147,170
147,171
147,172
147,173
148,158
148,159
148,160
148,161
148,162
148,163
148,164
148,165
148,166
148,167
148,168
148,169
148,170
148,171
148,172
148,173
149,158
149,159
149,160
149,161
149,162
149,163
149,164
149,165
149,166
149,167
149,168
149,169
149,170
149,171
149,172
149,173
150,158
150,159
150,160
150,161
150,162
150,163
150,164
150,165
150,166
150,167
150,168
150,169
150,170
150,171
150,172
150,173
151,158
151,159
151,160
151,161
151,162
151,163
151,164
151,165
151,166
151,167
151,168
151,169
151,170
151,171
151,172
151,173
152,158
152,159
152,160
152,161
152,162
152,163
152,164
152,165
152,166
152,167
152,168
152,169
152,170
152,171
152,172
152,173
153,158
153,159
153,160
153,161
153,162
153,163
153,164
153,165
153,166
153,167
153,168
153,169
153,170
153,171
153,172
153,173
154,158
154,159
154,160
154,161
154,162
154,163
154,164
154,165
154,166
154,167
154,168
154,169
154,170
154,171
154,172
154,173
155,158
155,159
155,160
155,161
155,162
155,163
155,164
155,165
155,166
155,167
155,168
155,169
155,170
155,171
155,172
155,173
156,158
156,159
156,160
156,161
156,162
156,163
156,164
156,165
156,166
156,167
156,168
156,169
156,170
156,171
156,172
156,173
157,158
157,159
157,160
157,161
157,162
157,163
157,164
157,165
157,166
157,167
157,168
157,169
157,170
157,171
157,172
157,173
158,142
158,143
158,144
158,145
158,146
158,147
158,148
158,149
158,150
158,151
158,152
158,153
158,154
158,155
158,156
158,157
159,142
159,143
159,144
159,145
159,146
159,147
159,148
159,149
159,150
159,151
159,152
159,153
159,154
159,155
159,156
159,157
160,142
160,143
160,144
160,145
160,146
160,147
160,148
160,149
160,150
160,151
160,152
160,153
160,154
160,155
160,156
160,157
161,142
161,143
161,144
161,145
161,146
161,147
161,148
161,149
161,150
161,151
161,152
161,153
161,154
161,155
161,156
161,157
162,142
162,143
162,144
162,145
162,146
162,147
162,148
162,149
162,150
162,151
162,152
162,153
162,154
162,155
162,156
162,157
163,142
163,143
163,144
163,145
163,146
163,147
163,148
163,149
163,150
163,151
163,152
163,153
163,154
163,155
163,156
163,157
164,142
164,143
164,144
164,145
164,146
164,147
164,148
164,149
164,150
164,151
164,152
164,153
164,154
164,155
164,156
164,157
165,142
165,143
165,144
165,145
165,146
165,147
165,148
165,149
165,150
165,151
165,152
165,153
165,154
165,155
165,156
165,157
166,142
166,143
166,144
166,145
166,146
166,147
166,148
166,149
166,150
166,151
166,152
166,153
166,154
166,155
166,156
166,157
167,142
167,143
167,144
167,145
167,146
167,147
167,148
167,149
167,150
167,151
167,152
167,153
167,154
167,155
167,156
167,157
168,142
168,143
168,144
168,145
168,146
168,147
168,148
168,149
168,150
168,151
168,152
168,153
168,154
168,155
168,156
168,157
169,142
169,143
169,144
169,145
169,146
169,147
169,148
169,149
169,150
169,151
169,152
169,153
169,154
169,155
169,156
169,157
170,142
170,143
170,144
170,145
170,146
170,147
170,148
170,149
170,150
170,151
170,152
170,153
170,154
170,155
170,156
170,157
171,142
171,143
171,144
171,145
171,146
171,147
171,148
171,149
171,150
171,151
171,152
171,153
171,154
171,155
171,156
171,157
172,142
172,143
172,144
172,145
172,146
172,147
172,148
172,149
172,150
172,151
172,152
172,153
172,154
172,155
172,156
172,157
173,142
173,143
173,144
173,145
173,146
173,147
173,148
173,149
173,150
173,151
173,152
173,153
173,154
173,155
173,156
173,157
174,184
174,185
174,186
174,187
174,188
174,189
174,190
174,191
174,192
174,193
175,184
175,185
175,186
175,187
175,188
175,189
175,190
175,191
175,192
175,193
176,184
176,185
176,186
176,187
176,188
176,189
176,190
176,191
176,192
176,193
177,184
177,185
177,186
177,187
177,188
177,189
177,190
177,191
177,192
177,193
178,184
178,185
178,186
178,187
178,188
178,189
178,190
178,191
178,192
178,193
179,184
179,185
179,186
179,187
179,188
179,189
179,190
179,191
179,192
179,193
180,184
180,185
180,186
180,187
180,188
180,189
180,190
180,191
180,192
180,193
181,184
181,185
181,186
181,187
181,188
181,189
181,190
181,191
181,192
181,193
182,184
182,185
182,186
182,187
182,188
182,189
182,190
182,191
182,192
182,193
183,184
183,185
183,186
183,187
183,188
183,189
183,190
183,191
183,192
183,193
184,174
184,175
184,176
184,177
184,178
184,179
184,180
184,181
184,182
184,183
185,174
185,175
185,176
185,177
185,178
185,179
185,180
185,181
185,182
185,183
186,174
186,175
186,176
186,177
186,178
186,179
186,180
186,181
186,182
186,183
187,174
187,175
187,176
187,177
187,178
187,179
187,180
187,181
187,182
187,183
188,174
188,175
188,176
188,177
188,178
188,179
188,180
188,181
188,182
188,183
189,174
189,175
189,176
189,177
189,178
189,179
189,180
189,181
189,182
189,183
190,174
190,175
190,176
190,177
190,178
190,179
190,180
190,181
190,182
190,183
191,174
191,175
191,176
191,177
191,178
191,179
191,180
191,181
191,182
191,183
192,174
192,175
192,176
192,177
192,178
192,179
192,180
192,181
192,182
192,183
193,174
193,175
193,176
193,177
193,178
193,179
193,180
193,181
193,182
193,183
194,214
194,215
194,216
194,217
194,218
194,219
194,220
194,221
194,222
194,223
194,224
194,225
194,226
194,227
194,228
194,229
194,230
194,231
194,232
194,233
195,214
195,215
195,216
195,217
195,218
195,219
195,220
195,221
195,222
195,223
195,224
195,225
195,226
195,227
195,228
195,229
195,230
195,231
195,232
195,233
196,214
196,215
196,216
196,217
196,218
196,219
196,220
196,221
196,222
196,223
196,224
196,225
196,226
196,227
196,228
196,229
196,230
196,231
196,232
196,233
197,214
197,215
197,216
197,217
197,218
197,219
197,220
197,221
197,222
197,223
197,224
197,225
197,226
197,227
197,228
197,229
197,230
197,231
197,232
197,233
198,214
198,215
198,216
198,217
198,218
198,219
198,220
198,221
198,222
198,223
198,224
198,225
198,226
198,227
198,228
198,229
198,230
198,231
198,232
198,233
199,214
199,215
199,216
199,217
199,218
199,219
199,220
199,221
199,222
199,223
199,224
199,225
199,226
199,227
199,228
199,229
199,230
199,231
199,232
199,233
200,214
200,215
200,216
200,217
200,218
200,219
200,220
200,221
200,222
200,223
200,224
200,225
200,226
200,227
200,228
200,229
200,230
200,231
200,232
200,233
201,214
201,215
201,216
201,217
201,218
201,219
201,220
201,221
201,222
201,223
201,224
201,225
201,226
201,227
201,228
201,229
201,230
201,231
201,232
201,233
202,214
202,215
202,216
202,217
202,218
202,219
202,220
202,221
202,222
202,223
202,224
202,225
202,226
202,227
202,228
202,229
202,230
202,231
202,232
202,233
203,214
203,215
203,216
203,217
203,218
203,219
203,220
203,221
203,222
203,223
203,224
203,225
203,226
203,227
203,228
203,229
203,230
203,231
203,232
203,233
204,214
204,215
204,216
204,217
204,218
204,219
204,220
204,221
204,222
204,223
204,224
204,225
204,226
204,227
204,228
204,229
204,230
204,231
204,232
204,233
205,214
205,215
205,216
205,217
205,218
205,219
205,220
205,221
205,222
205,223
205,224
205,225
205,226
205,227
205,228
205,229
205,230
205,231
205,232
205,233
206,214
206,215
206,216
206,217
206,218
206,219
206,220
206,221
206,222
206,223
206,224
206,225
206,226
206,227
206,228
206,229
206,230
206,231
206,232
206,233
207,214
207,215
207,216
207,217
207,218
207,219
207,220
207,221
207,222
207,223
207,224
207,225
207,226
207,227
207,228
207,229
207,230
207,231
207,232
207,233
208,214
208,215
208,216
208,217
208,218
208,219
208,220
208,221
208,222
208,223
208,224
208,225
208,226
208,227
208,228
208,229
208,230
208,231
208,232
208,233
209,214
209,215
209,216
209,217
209,218
209,219
209,220
209,221
209,222
209,223
209,224
209,225
209,226
209,227
209,228
209,229
209,230
209,231
209,232
209,233
210,214
210,215
210,216
210,217
210,218
210,219
210,220
210,221
210,222
210,223
210,224
210,225
210,226
210,227
210,228
210,229
210,230
210,231
210,232
210,233
211,214
211,215
211,216
211,217
211,218
211,219
211,220
211,221
211,222
211,223
211,224
211,225
211,226
211,227
211,228
211,229
211,230
211,231
211,232
211,233
212,214
212,215
212,216
212,217
212,218
212,219
212,220
212,221
212,222
212,223
212,224
212,225
212,226
212,227
212,228
212,229
212,230
212,231
212,232
212,233
213,214
213,215
213,216
213,217
213,218
213,219
213,220
213,221
213,222
213,223
213,224
213,225
213,226
213,227
213,228
213,229
213,230
213,231
213,232
213,233
214,194
214,195
214,196
214,197
214,198
214,199
214,200
214,201
214,202
214,203
214,204
214,205
214,206
214,207
214,208
214,209
214,210
214,211
214,212
214,213
215,194
215,195
215,196
215,197
215,198
215,199
215,200
215,201
215,202
215,203
215,204
215,205
215,206
215,207
215,208
215,209
215,210
215,211
215,212
215,213
216,194
216,195
216,196
216,197
216,198
216,199
216,200
216,201
216,202
216,203
216,204
216,205
216,206
216,207
216,208
216,209
216,210
216,211
216,212
216,213
217,194
217,195
217,196
217,197
217,198
217,199
217,200
217,201
217,202
217,203
217,204
217,205
217,206
217,207
217,208
217,209
217,210
217,211
217,212
217,213
218,194
218,195
218,196
218,197
218,198
218,199
218,200
218,201
218,202
218,203
218,204
218,205
218,206
218,207
218,208
218,209
218,210
218,211
218,212
218,213
219,194
219,195
219,196
219,197
219,198
219,199
219,200
219,201
219,202
219,203
219,204
219,205
219,206
219,207
219,208
219,209
219,210
219,211
219,212
219,213
220,194
220,195
220,196
220,197
220,198
220,199
220,200
220,201
220,202
220,203
220,204
220,205
220,206
220,207
220,208
220,209
220,210
220,211
220,212
220,213
221,194
221,195
221,196
221,197
221,198
221,199
221,200
221,201
221,202
221,203
221,204
221,205
221,206
221,207
221,208
221,209
221,210
221,211
221,212
221,213
222,194
222,195
222,196
222,197
222,198
222,199
222,200
222,201
222,202
222,203
222,204
222,205
222,206
222,207
222,208
222,209
222,210
222,211
222,212
222,213
223,194
223,195
223,196
223,197
223,198
223,199
223,200
223,201
223,202
223,203
223,204
223,205
223,206
223,207
223,208
223,209
223,210
223,211
223,212
223,213
224,194
224,195
224,196
224,197
224,198
224,199
224,200
224,201
224,202
224,203
224,204
224,205
224,206
224,207
224,208
224,209
224,210
224,211
224,212
224,213
225,194
225,195
225,196
225,197
225,198
225,199
225,200
225,201
225,202
225,203
225,204
225,205
225,206
225,207
225,208
225,209
225,210
225,211
225,212
225,213
226,194
226,195
226,196
226,197
226,198
226,199
226,200
226,201
226,202
226,203
226,204
226,205
226,206
226,207
226,208
226,209
226,210
226,211
226,212
226,213
227,194
227,195
227,196
227,197
227,198
227,199
227,200
227,201
227,202
227,203
227,204
227,205
227,206
227,207
227,208
227,209
227,210
227,211
227,212
227,213
228,194
228,195
228,196
228,197
228,198
228,199
228,200
228,201
228,202
228,203
228,204
228,205
228,206
228,207
228,208
228,209
228,210
228,211
228,212
228,213
229,194
229,195
229,196
229,197
229,198
229,199
229,200
229,201
229,202
229,203
229,204
229,205
229,206
229,207
229,208
229,209
229,210
229,211
229,212
229,213
230,194
230,195
230,196
230,197
230,198
230,199
230,200
230,201
230,202
230,203
230,204
230,205
230,206
230,207
230,208
230,209
230,210
230,211
230,212
230,213
231,194
231,195
231,196
231,197
231,198
231,199
231,200
231,201
231,202
231,203
231,204
231,205
231,206
231,207
231,208
231,209
231,210
231,211
231,212
231,213
232,194
232,195
232,196
232,197
232,198
232,199
232,200
232,201
232,202
232,203
232,204
232,205
232,206
232,207
232,208
232,209
232,210
232,211
232,212
232,213
233,194
233,195
233,196
233,197
233,198
233,199
233,200
233,201
233,202
233,203
233,204
233,205
233,206
233,207
233,208
233,209
233,210
233,211
233,212
233,213
234,243
234,244
234,245
234,246
234,247
234,248
234,249
234,250
234,251
235,243
235,244
235,245
235,246
235,247
235,248
235,249
235,250
235,251
236,243
236,244
236,245
236,246
236,247
236,248
236,249
236,250
236,251
237,243
237,244
237,245
237,246
237,247
237,248
237,249
237,250
237,251
238,243
238,244
238,245
238,246
238,247
238,248
238,249
238,250
238,251
239,243
239,244
239,245
239,246
239,247
239,248
239,249
239,250
239,251
240,243
240,244
240,245
240,246
240,247
240,248
240,249
240,250
240,251
241,243
241,244
241,245
241,246
241,247
241,248
241,249
241,250
241,251
242,243
242,244
242,245
242,246
242,247
242,248
242,249
242,250
242,251
243,234
243,235
243,236
243,237
243,238
243,239
243,240
243,241
243,242
244,234
244,235
244,236
244,237
244,238
244,239
244,240
244,241
244,242
245,234
245,235
245,236
245,237
245,238
245,239
245,240
245,241
245,242
246,234
246,235
246,236
246,237
246,238
246,239
246,240
246,241
246,242
247,234
247,235
247,236
247,237
247,238
247,239
247,240
247,241
247,242
248,234
248,235
248,236
248,237
248,238
248,239
248,240
248,241
248,242
249,234
249,235
249,236
249,237
249,238
249,239
249,240
249,241
249,242
250,234
250,235
250,236
250,237
250,238
250,239
250,240
250,241
250,242
251,234
251,235
251,236
251,237
251,238
251,239
251,240
251,241
251,242
252,273
252,274
252,275
252,276
252,277
252,278
252,279
252,280
252,281
252,282
252,283
252,284
252,285
252,286
252,287
252,288
252,289
252,290
252,291
252,292
252,293
253,273
253,274
253,275
253,276
253,277
253,278
253,279
253,280
253,281
253,282
253,283
253,284
253,285
253,286
253,287
253,288
253,289
253,290
253,291
253,292
253,293
254,273
254,274
254,275
254,276
254,277
254,278
254,279
254,280
254,281
254,282
254,283
254,284
254,285
254,286
254,287
254,288
254,289
254,290
254,291
254,292
254,293
255,273
255,274
255,275
255,276
255,277
255,278
255,279
255,280
255,281
255,282
255,283
255,284
255,285
255,286
255,287
255,288
255,289
255,290
255,291
255,292
255,293
256,273
256,274
256,275
256,276
256,277
256,278
256,279
256,280
256,281
256,282
256,283
256,284
256,285
256,286
256,287
256,288
256,289
256,290
256,291
256,292
256,293
257,273
257,274
257,275
257,276
257,277
257,278
257,279
257,280
257,281
257,282
257,283
257,284
257,285
257,286
257,287
257,288
257,289
257,290
257,291
257,292
257,293
258,273
258,274
258,275
258,276
258,277
258,278
258,279
258,280
258,281
258,282
258,283
258,284
258,285
258,286
258,287
258,288
258,289
258,290
258,291
258,292
258,293
259,273
259,274
259,275
259,276
259,277
259,278
259,279
259,280
259,281
259,282
259,283
259,284
259,285
259,286
259,287
259,288
259,289
259,290
259,291
259,292
259,293
260,273
260,274
260,275
260,276
260,277
260,278
260,279
260,280
260,281
260,282
260,283
260,284
260,285
260,286
260,287
260,288
260,289
260,290
260,291
260,292
260,293
261,273
261,274
261,275
261,276
261,277
261,278
261,279
261,280
261,281
261,282
261,283
261,284
261,285
261,286
261,287
261,288
261,289
261,290
261,291
261,292
261,293
262,273
262,274
262,275
262,276
262,277
262,278
262,279
262,280
262,281
262,282
262,283
262,284
262,285
262,286
262,287
262,288
262,289
262,290
262,291
262,292
262,293
263,273
263,274
263,275
263,276
263,277
263,278
263,279
263,280
263,281
263,282
263,283
263,284
263,285
263,286
263,287
263,288
263,289
263,290
263,291
263,292
263,293
264,273
264,274
264,275
264,276
264,277
264,278
264,279
264,280
264,281
264,282
264,283
264,284
264,285
264,286
264,287
264,288
264,289
264,290
264,291
264,292
264,293
265,273
265,274
265,275
265,276
265,277
265,278
265,279
265,280
265,281
265,282
265,283
265,284
265,285
265,286
265,287
265,288
265,289
265,290
265,291
265,292
265,293
266,273
266,274
266,275
266,276
266,277
266,278
266,279
266,280
266,281
266,282
266,283
266,284
266,285
266,286
266,287
266,288
266,289
266,290
266,291
266,292
266,293
267,273
267,274
267,275
267,276
267,277
267,278
267,279
267,280
267,281
267,282
267,283
267,284
267,285
267,286
267,287
267,288
267,289
267,290
267,291
267,292
267,293
268,273
268,274
268,275
268,276
268,277
268,278
268,279
268,280
268,281
268,282
268,283
268,284
268,285
268,286
268,287
268,288
268,289
268,290
268,291
268,292
268,293
269,273
269,274
269,275
269,276
269,277
269,278
269,279
269,280
269,281
269,282
269,283
269,284
269,285
269,286
269,287
269,288
269,289
269,290
269,291
269,292
269,293
270,273
270,274
270,275
270,276
270,277
270,278
270,279
270,280
270,281
270,282
270,283
270,284
270,285
270,286
270,287
270,288
270,289
270,290
270,291
270,292
270,293
271,273
271,274
271,275
271,276
271,277
271,278
271,279
271,280
271,281
271,282
271,283
271,284
271,285
271,286
271,287
271,288
271,289
271,290
271,291
271,292
271,293
272,273
272,274
272,275
272,276
272,277
272,278
272,279
272,280
272,281
272,282
272,283
272,284
272,285
272,286
272,287
272,288
272,289
272,290
272,291
272,292
272,293
273,252
273,253
273,254
273,255
273,256
273,257
273,258
273,259
273,260
273,261
273,262
273,263
273,264
273,265
273,266
273,267
273,268
273,269
273,270
273,271
273,272
274,252
274,253
274,254
274,255
274,256
274,257
274,258
274,259
274,260
274,261
274,262
274,263
274,264
274,265
274,266
274,267
274,268
274,269
274,270
274,271
274,272
275,252
275,253
275,254
275,255
275,256
275,257
275,258
275,259
275,260
275,261
275,262
275,263
275,264
275,265
275,266
275,267
275,268
275,269
275,270
275,271
275,272
276,252
276,253
276,254
276,255
276,256
276,257
276,258
276,259
276,260
276,261
276,262
276,263
276,264
276,265
276,266
276,267
276,268
276,269
276,270
276,271
276,272
277,252
277,253
277,254
277,255
277,256
277,257
277,258
277,259
277,260
277,261
277,262
277,263
277,264
277,265
277,266
277,267
277,268
277,269
277,270
277,271
277,272
278,252
278,253
278,254
278,255
278,256
278,257
278,258
278,259
278,260
278,261
278,262
278,263
278,264
278,265
278,266
278,267
278,268
278,269
278,270
278,271
278,272
279,252
279,253
279,254
279,255
279,256
279,257
279,258
279,259
279,260
279,261
279,262
279,263
279,264
279,265
279,266
279,267
279,268
279,269
279,270
279,271
279,272
280,252
280,253
280,254
280,255
280,256
280,257
280,258
280,259
280,260
280,261
280,262
280,263
280,264
280,265
280,266
280,267
280,268
280,269
280,270
280,271
280,272
281,252
281,253
281,254
281,255
281,256
281,257
281,258
281,259
281,260
281,261
281,262
281,263
281,264
281,265
281,266
281,267
281,268
281,269
281,270
281,271
281,272
282,252
282,253
282,254
282,255
282,256
282,257
282,258
282,259
282,260
282,261
282,262
282,263
282,264
282,265
282,266
282,267
282,268
282,269
282,270
282,271
282,272
283,252
283,253
283,254
283,255
283,256
283,257
283,258
283,259
283,260
283,261
283,262
283,263
283,264
283,265
283,266
283,267
283,268
283,269
283,270
283,271
283,272
284,252
284,253
284,254
284,255
284,256
284,257
284,258
284,259
284,260
284,261
284,262
284,263
284,264
284,265
284,266
284,267
284,268
284,269
284,270
284,271
284,272
285,252
285,253
285,254
285,255
285,256
285,257
285,258
285,259
285,260
285,261
285,262
285,263
285,264
285,265
285,266
285,267
285,268
285,269
285,270
285,271
285,272
286,252
286,253
286,254
286,255
286,256
286,257
286,258
286,259
286,260
286,261
286,262
286,263
286,264
286,265
286,266
286,267
286,268
286,269
286,270
286,271
286,272
287,252
287,253
287,254
287,255
287,256
287,257
287,258
287,259
287,260
287,261
287,262
287,263
287,264
287,265
287,266
287,267
287,268
287,269
287,270
287,271
287,272
288,252
288,253
288,254
288,255
288,256
288,257
288,258
288,259
288,260
288,261
288,262
288,263
288,264
288,265
288,266
288,267
288,268
288,269
288,270
288,271
288,272
289,252
289,253
289,254
289,255
289,256
289,257
289,258
289,259
289,260
289,261
289,262
289,263
289,264
289,265
289,266
289,267
289,268
289,269
289,270
289,271
289,272
290,252
290,253
290,254
290,255
290,256
290,257
290,258
290,259
290,260
290,261
290,262
290,263
290,264
290,265
290,266
290,267
290,268
290,269
290,270
290,271
290,272
291,252
291,253
291,254
291,255
291,256
291,257
291,258
291,259
291,260
291,261
291,262
291,263
291,264
291,265
291,266
291,267
291,268
291,269
291,270
291,271
291,272
292,252
292,253
292,254
292,255
292,256
292,257
292,258
292,259
292,260
292,261
292,262
292,263
292,264
292,265
292,266
292,267
292,268
292,269
292,270
292,271
292,272
293,252
293,253
293,254
293,255
293,256
293,257
293,258
293,259
293,260
293,261
293,262
293,263
293,264
293,265
293,266
293,267
293,268
293,269
293,270
293,271
293,272
294,308
294,309
294,310
294,311
294,312
294,313
294,314
294,315
294,316
294,317
294,318
294,319
294,320
294,321
295,308
295,309
295,310
295,311
295,312
295,313
295,314
295,315
295,316
295,317
295,318
295,319
295,320
295,321
296,308
296,309
296,310
296,311
296,312
296,313
296,314
296,315
296,316
296,317
296,318
296,319
296,320
296,321
297,308
297,309
297,310
297,311
297,312
297,313
297,314
297,315
297,316
297,317
297,318
297,319
297,320
297,321
298,308
298,309
298,310
298,311
298,312
298,313
298,314
298,315
298,316
298,317
298,318
298,319
298,320
298,321
299,308
299,309
299,310
299,311
299,312
299,313
299,314
299,315
299,316
299,317
299,318
299,319
299,320
299,321
300,308
300,309
300,310
300,311
300,312
300,313
300,314
300,315
300,316
300,317
300,318
300,319
300,320
300,321
301,308
301,309
301,310
301,311
301,312
301,313
301,314
301,315
301,316
301,317
301,318
301,319
301,320
301,321
302,308
302,309
302,310
302,311
302,312
302,313
302,314
302,315
302,316
302,317
302,318
302,319
302,320
302,321
303,308
303,309
303,310
303,311
303,312
303,313
303,314
303,315
303,316
303,317
303,318
303,319
303,320
303,321
304,308
304,309
304,310
304,311
304,312
304,313
304,314
304,315
304,316
304,317
304,318
304,319
304,320
304,321
305,308
305,309
305,310
305,311
305,312
305,313
305,314
305,315
305,316
305,317
305,318
305,319
305,320
305,321
306,308
306,309
306,310
306,311
306,312
306,313
306,314
306,315
306,316
306,317
306,318
306,319
306,320
306,321
307,308
307,309
307,310
307,311
307,312
307,313
307,314
307,315
307,316
307,317
307,318
307,319
307,320
307,321
308,294
308,295
308,296
308,297
308,298
308,299
308,300
308,301
308,302
308,303
308,304
308,305
308,306
308,307
309,294
309,295
309,296
309,297
309,298
309,299
309,300
309,301
309,302
309,303
309,304
309,305
309,306
309,307
310,294
310,295
310,296
310,297
310,298
310,299
310,300
310,301
310,302
310,303
310,304
310,305
310,306
310,307
311,294
311,295
311,296
311,297
311,298
311,299
311,300
311,301
311,302
311,303
311,304
311,305
311,306
311,307
312,294
312,295
312,296
312,297
312,298
312,299
312,300
312,301
312,302
312,303
312,304
312,305
312,306
312,307
313,294
313,295
313,296
313,297
313,298
313,299
313,300
313,301
313,302
313,303
313,304
313,305
313,306
313,307
314,294
314,295
314,296
314,297
314,298
314,299
314,300
314,301
314,302
314,303
314,304
314,305
314,306
314,307
315,294
315,295
315,296
315,297
315,298
315,299
315,300
315,301
315,302
315,303
315,304
315,305
315,306
315,307
316,294
316,295
316,296
316,297
316,298
316,299
316,300
316,301
316,302
316,303
316,304
316,305
316,306
316,307
317,294
317,295
317,296
317,297
317,298
317,299
317,300
317,301
317,302
317,303
317,304
317,305
317,306
317,307
318,294
318,295
318,296
318,297
318,298
318,299
318,300
318,301
318,302
318,303
318,304
318,305
318,306
318,307
319,294
319,295
319,296
319,297
319,298
319,299
319,300
319,301
319,302
319,303
319,304
319,305
319,306
319,307
320,294
320,295
320,296
320,297
320,298
320,299
320,300
320,301
320,302
320,303
320,304
320,305
320,306
320,307
321,294
321,295
321,296
321,297
321,298
321,299
321,300
321,301
321,302
321,303
321,304
321,305
321,306
321,307
322,332
322,333
322,334
322,335
322,336
322,337
322,338
322,339
322,340
323,332
323,333
323,334
323,335
323,336
323,337
323,338
323,339
323,340
324,332
324,333
324,334
324,335
324,336
324,337
324,338
324,339
324,340
325,332
325,333
325,334
325,335
325,336
325,337
325,338
325,339
325,340
326,332
326,333
326,334
326,335
326,336
326,337
326,338
326,339
326,340
327,332
327,333
327,334
327,335
327,336
327,337
327,338
327,339
327,340
328,332
328,333
328,334
328,335
328,336
328,337
328,338
328,339
328,340
329,332
329,333
329,334
329,335
329,336
329,337
329,338
329,339
329,340
330,332
330,333
330,334
330,335
330,336
330,337
330,338
330,339
330,340
331,332
331,333
331,334
331,335
331,336
331,337
331,338
331,339
331,340
332,322
332,323
332,324
332,325
332,326
332,327
332,328
332,329
332,330
332,331
333,322
333,323
333,324
333,325
333,326
333,327
333,328
333,329
333,330
333,331
334,322
334,323
334,324
334,325
334,326
334,327
334,328
334,329
334,330
334,331
335,322
335,323
335,324
335,325
335,326
335,327
335,328
335,329
335,330
335,331
336,322
336,323
336,324
336,325
336,326
336,327
336,328
336,329
336,330
336,331
337,322
337,323
337,324
337,325
337,326
337,327
337,328
337,329
337,330
337,331
338,322
338,323
338,324
338,325
338,326
338,327
338,328
338,329
338,330
338,331
339,322
339,323
339,324
339,325
339,326
339,327
339,328
339,329
339,330
339,331
340,322
340,323
340,324
340,325
340,326
340,327
340,328
340,329
340,330
340,331
341,361
341,362
341,363
341,364
341,365
341,366
341,367
341,368
341,369
341,370
341,371
341,372
341,373
341,374
341,375
341,376
341,377
341,378
342,361
342,362
342,363
342,364
342,365
342,366
342,367
342,368
342,369
342,370
342,371
342,372
342,373
342,374
342,375
342,376
342,377
342,378
343,361
343,362
343,363
343,364
343,365
343,366
343,367
343,368
343,369
343,370
343,371
343,372
343,373
343,374
343,375
343,376
343,377
343,378
344,361
344,362
344,363
344,364
344,365
344,366
344,367
344,368
344,369
344,370
344,371
344,372
344,373
344,374
344,375
344,376
344,377
344,378
345,361
345,362
345,363
345,364
345,365
345,366
345,367
345,368
345,369
345,370
345,371
345,372
345,373
345,374
345,375
345,376
345,377
345,378
346,361
346,362
346,363
346,364
346,365
346,366
346,367
346,368
346,369
346,370
346,371
346,372
346,373
346,374
346,375
346,376
346,377
346,378
347,361
347,362
347,363
347,364
347,365
347,366
347,367
347,368
347,369
347,370
347,371
347,372
347,373
347,374
347,375
347,376
347,377
347,378
348,361
348,362
348,363
348,364
348,365
348,366
348,367
348,368
348,369
348,370
348,371
348,372
348,373
348,374
348,375
348,376
348,377
348,378
349,361
349,362
349,363
349,364
349,365
349,366
349,367
349,368
349,369
349,370
349,371
349,372
349,373
349,374
349,375
349,376
349,377
349,378
350,361
350,362
350,363
350,364
350,365
350,366
350,367
350,368
350,369
350,370
350,371
350,372
350,373
350,374
350,375
350,376
350,377
350,378
351,361
351,362
351,363
351,364
351,365
351,366
351,367
351,368
351,369
351,370
351,371
351,372
351,373
351,374
351,375
351,376
351,377
351,378
352,361
352,362
352,363
352,364
352,365
352,366
352,367
352,368
352,369
352,370
352,371
352,372
352,373
352,374
352,375
352,376
352,377
352,378
353,361
353,362
353,363
353,364
353,365
353,366
353,367
353,368
353,369
353,370
353,371
353,372
353,373
353,374
353,375
353,376
353,377
353,378
354,361
354,362
354,363
354,364
354,365
354,366
354,367
354,368
354,369
354,370
354,371
354,372
354,373
354,374
354,375
354,376
354,377
354,378
355,361
355,362
355,363
355,364
355,365
355,366
355,367
355,368
355,369
355,370
355,371
355,372
355,373
355,374
355,375
355,376
355,377
355,378
356,361
356,362
356,363
356,364
356,365
356,366
356,367
356,368
356,369
356,370
356,371
356,372
356,373
356,374
356,375
356,376
356,377
356,378
357,361
357,362
357,363
357,364
357,365
357,366
357,367
357,368
357,369
357,370
357,371
357,372
357,373
357,374
357,375
357,376
357,377
357,378
358,361
358,362
358,363
358,364
358,365
358,366
358,367
358,368
358,369
358,370
358,371
358,372
358,373
358,374
358,375
358,376
358,377
358,378
359,361
359,362
359,363
359,364
359,365
359,366
359,367
359,368
359,369
359,370
359,371
359,372
359,373
359,374
359,375
359,376
359,377
359,378
360,361
360,362
360,363
360,364
360,365
360,366
360,367
360,368
360,369
360,370
360,371
360,372
360,373
360,374
360,375
360,376
360,377
360,378
361,341
361,342
361,343
361,344
361,345
361,346
361,347
361,348
361,349
361,350
361,351
361,352
361,353
361,354
361,355
361,356
361,357
361,358
361,359
361,360
362,341
362,342
362,343
362,344
362,345
362,346
362,347
362,348
362,349
362,350
362,351
362,352
362,353
362,354
362,355
362,356
362,357
362,358
362,359
362,360
363,341
363,342
363,343
363,344
363,345
363,346
363,347
363,348
363,349
363,350
363,351
363,352
363,353
363,354
363,355
363,356
363,357
363,358
363,359
363,360
364,341
364,342
364,343
364,344
364,345
364,346
364,347
364,348
364,349
364,350
364,351
364,352
364,353
364,354
364,355
364,356
364,357
364,358
364,359
364,360
365,341
365,342
365,343
365,344
365,345
365,346
365,347
365,348
365,349
365,350
365,351
365,352
365,353
365,354
365,355
365,356
365,357
365,358
365,359
365,360
366,341
366,342
366,343
366,344
366,345
366,346
366,347
366,348
366,349
366,350
366,351
366,352
366,353
366,354
366,355
366,356
366,357
366,358
366,359
366,360
367,341
367,342
367,343
367,344
367,345
367,346
367,347
367,348
367,349
367,350
367,351
367,352
367,353
367,354
367,355
367,356
367,357
367,358
367,359
367,360
368,341
368,342
368,343
368,344
368,345
368,346
368,347
368,348
368,349
368,350
368,351
368,352
368,353
368,354
368,355
368,356
368,357
368,358
368,359
368,360
369,341
369,342
369,343
369,344
369,345
369,346
369,347
369,348
369,349
369,350
369,351
369,352
369,353
369,354
369,355
369,356
369,357
369,358
369,359
369,360
370,341
370,342
370,343
370,344
370,345
370,346
370,347
370,348
370,349
370,350
370,351
370,352
370,353
370,354
370,355
370,356
370,357
370,358
370,359
370,360
371,341
371,342
371,343
371,344
371,345
371,346
371,347
371,348
371,349
371,350
371,351
371,352
371,353
371,354
371,355
371,356
371,357
371,358
371,359
371,360
372,341
372,342
372,343
372,344
372,345
372,346
372,347
372,348
372,349
372,350
372,351
372,352
372,353
372,354
372,355
372,356
372,357
372,358
372,359
372,360
373,341
373,342
373,343
373,344
373,345
373,346
373,347
373,348
373,349
373,350
373,351
373,352
373,353
373,354
373,355
373,356
373,357
373,358
373,359
373,360
374,341
374,342
374,343
374,344
374,345
374,346
374,347
374,348
374,349
374,350
374,351
374,352
374,353
374,354
374,355
374,356
374,357
374,358
374,359
374,360
375,341
375,342
375,343
375,344
375,345
375,346
375,347
375,348
375,349
375,350
375,351
375,352
375,353
375,354
375,355
375,356
375,357
375,358
375,359
375,360
376,341
376,342
376,343
376,344
376,345
376,346
376,347
376,348
376,349
376,350
376,351
376,352
376,353
376,354
376,355
376,356
376,357
376,358
376,359
376,360
377,341
377,342
377,343
377,344
377,345
377,346
377,347
377,348
377,349
377,350
377,351
377,352
377,353
377,354
377,355
377,356
377,357
377,358
377,359
377,360
378,341
378,342
378,343
378,344
378,345
378,346
378,347
378,348
378,349
378,350
378,351
378,352
378,353
378,354
378,355
378,356
378,357
378,358
378,359
378,360
379,397
379,398
379,399
379,400
379,401
379,402
379,403
379,404
379,405
379,406
379,407
379,408
379,409
379,410
379,411
379,412
379,413
379,414
379,415
380,397
380,398
380,399
380,400
380,401
380,402
380,403
380,404
380,405
380,406
380,407
380,408
380,409
380,410
380,411
380,412
380,413
380,414
380,415
381,397
381,398
381,399
381,400
381,401
381,402
381,403
381,404
381,405
381,406
381,407
381,408
381,409
381,410
381,411
381,412
381,413
381,414
381,415
382,397
382,398
382,399
382,400
382,401
382,402
382,403
382,404
382,405
382,406
382,407
382,408
382,409
382,410
382,411
382,412
382,413
382,414
382,415
383,397
383,398
383,399
383,400
383,401
383,402
383,403
383,404
383,405
383,406
383,407
383,408
383,409
383,410
383,411
383,412
383,413
383,414
383,415
384,397
384,398
384,399
384,400
384,401
384,402
384,403
384,404
384,405
384,406
384,407
384,408
384,409
384,410
384,411
384,412
384,413
384,414
384,415
385,397
385,398
385,399
385,400
385,401
385,402
385,403
385,404
385,405
385,406
385,407
385,408
385,409
385,410
385,411
385,412
385,413
385,414
385,415
386,397
386,398
386,399
386,400
386,401
386,402
386,403
386,404
386,405
386,406
386,407
386,408
386,409
386,410
386,411
386,412
386,413
386,414
386,415
387,397
387,398
387,399
387,400
387,401
387,402
387,403
387,404
387,405
387,406
387,407
387,408
387,409
387,410
387,411
387,412
387,413
387,414
387,415
388,397
388,398
388,399
388,400
388,401
388,402
388,403
388,404
388,405
388,406
388,407
388,408
388,409
388,410
388,411
388,412
388,413
388,414
388,415
389,397
389,398
389,399
389,400
389,401
389,402
389,403
389,404
389,405
389,406
389,407
389,408
389,409
389,410
389,411
389,412
389,413
389,414
389,415
390,397
390,398
390,399
390,400
390,401
390,402
390,403
390,404
390,405
390,406
390,407
390,408
390,409
390,410
390,411
390,412
390,413
390,414
390,415
391,397
391,398
391,399
391,400
391,401
391,402
391,403
391,404
391,405
391,406
391,407
391,408
391,409
391,410
391,411
391,412
391,413
391,414
391,415
392,397
392,398
392,399
392,400
392,401
392,402
392,403
392,404
392,405
392,406
392,407
392,408
392,409
392,410
392,411
392,412
392,413
392,414
392,415
393,397
393,398
393,399
393,400
393,401
393,402
393,403
393,404
393,405
393,406
393,407
393,408
393,409
393,410
393,411
393,412
393,413
393,414
393,415
394,397
394,398
394,399
394,400
394,401
394,402
394,403
394,404
394,405
394,406
394,407
394,408
394,409
394,410
394,411
394,412
394,413
394,414
394,415
395,397
395,398
395,399
395,400
395,401
395,402
395,403
395,404
395,405
395,406
395,407
395,408
395,409
395,410
395,411
395,412
395,413
395,414
395,415
396,397
396,398
396,399
396,400
396,401
396,402
396,403
396,404
396,405
396,406
396,407
396,408
396,409
396,410
396,411
396,412
396,413
396,414
396,415
397,379
397,380
397,381
397,382
397,383
397,384
397,385
397,386
397,387
397,388
397,389
397,390
397,391
397,392
397,393
397,394
397,395
397,396
398,379
398,380
398,381
398,382
398,383
398,384
398,385
398,386
398,387
398,388
398,389
398,390
398,391
398,392
398,393
398,394
398,395
398,396
399,379
399,380
399,381
399,382
399,383
399,384
399,385
399,386
399,387
399,388
399,389
399,390
399,391
399,392
399,393
399,394
399,395
399,396
400,379
400,380
400,381
400,382
400,383
400,384
400,385
400,386
400,387
400,388
400,389
400,390
400,391
400,392
400,393
400,394
400,395
400,396
401,379
401,380
401,381
401,382
401,383
401,384
401,385
401,386
401,387
401,388
401,389
401,390
401,391
401,392
401,393
401,394
401,395
401,396
402,379
402,380
402,381
402,382
402,383
402,384
402,385
402,386
402,387
402,388
402,389
402,390
402,391
402,392
402,393
402,394
402,395
402,396
403,379
403,380
403,381
403,382
403,383
403,384
403,385
403,386
403,387
403,388
403,389
403,390
403,391
403,392
403,393
403,394
403,395
403,396
404,379
404,380
404,381
404,382
404,383
404,384
404,385
404,386
404,387
404,388
404,389
404,390
404,391
404,392
404,393
404,394
404,395
404,396
405,379
405,380
405,381
405,382
405,383
405,384
405,385
405,386
405,387
405,388
405,389
405,390
405,391
405,392
405,393
405,394
405,395
405,396
406,379
406,380
406,381
406,382
406,383
406,384
406,385
406,386
406,387
406,388
406,389
406,390
406,391
406,392
406,393
406,394
406,395
406,396
407,379
407,380
407,381
407,382
407,383
407,384
407,385
407,386
407,387
407,388
407,389
407,390
407,391
407,392
407,393
407,394
407,395
407,396
408,379
408,380
408,381
408,382
408,383
408,384
408,385
408,386
408,387
408,388
408,389
408,390
408,391
408,392
408,393
408,394
408,395
408,396
409,379
409,380
409,381
409,382
409,383
409,384
409,385
409,386
409,387
409,388
409,389
409,390
409,391
409,392
409,393
409,394
409,395
409,396
410,379
410,380
410,381
410,382
410,383
410,384
410,385
410,386
410,387
410,388
410,389
410,390
410,391
410,392
410,393
410,394
410,395
410,396
411,379
411,380
411,381
411,382
411,383
411,384
411,385
411,386
411,387
411,388
411,389
411,390
411,391
411,392
411,393
411,394
411,395
411,396
412,379
412,380
412,381
412,382
412,383
412,384
412,385
412,386
412,387
412,388
412,389
412,390
412,391
412,392
412,393
412,394
412,395
412,396
413,379
413,380
413,381
413,382
413,383
413,384
413,385
413,386
413,387
413,388
413,389
413,390
413,391
413,392
413,393
413,394
413,395
413,396
414,379
414,380
414,381
414,382
414,383
414,384
414,385
414,386
414,387
414,388
414,389
414,390
414,391
414,392
414,393
414,394
414,395
414,396
415,379
415,380
415,381
415,382
415,383
415,384
415,385
415,386
415,387
415,388
415,389
415,390
415,391
415,392
415,393
415,394
415,395
415,396
416,422
416,423
416,424
416,425
416,426
416,427
416,428
416,429
417,422
417,423
417,424
417,425
417,426
417,427
417,428
417,429
418,422
418,423
418,424
418,425
418,426
418,427
418,428
418,429
419,422
419,423
419,424
419,425
419,426
419,427
419,428
419,429
420,422
420,423
420,424
420,425
420,426
420,427
420,428
420,429
421,422
421,423
421,424
421,425
421,426
421,427
421,428
421,429
422,416
422,417
422,418
422,419
422,420
422,421
423,416
423,417
423,418
423,419
423,420
423,421
424,416
424,417
424,418
424,419
424,420
424,421
425,416
425,417
425,418
425,419
425,420
425,421
426,416
426,417
426,418
426,419
426,420
426,421
427,416
427,417
427,418
427,419
427,420
427,421
428,416
428,417
428,418
428,419
428,420
428,421
429,416
429,417
429,418
429,419
429,420
429,421
430,440
430,441
430,442
430,443
430,444
430,445
430,446
430,447
430,448
430,449
430,450
430,451
430,452
430,453
431,440
431,441
431,442
431,443
431,444
431,445
431,446
431,447
431,448
431,449
431,450
431,451
431,452
431,453
432,440
432,441
432,442
432,443
432,444
432,445
432,446
432,447
432,448
432,449
432,450
432,451
432,452
432,453
433,440
433,441
433,442
433,443
433,444
433,445
433,446
433,447
433,448
433,449
433,450
433,451
433,452
433,453
434,440
434,441
434,442
434,443
434,444
434,445
434,446
434,447
434,448
434,449
434,450
434,451
434,452
434,453
435,440
435,441
435,442
435,443
435,444
435,445
435,446
435,447
435,448
435,449
435,450
435,451
435,452
435,453
436,440
436,441
436,442
436,443
436,444
436,445
436,446
436,447
436,448
436,449
436,450
436,451
436,452
436,453
437,440
437,441
437,442
437,443
437,444
437,445
437,446
437,447
437,448
437,449
437,450
437,451
437,452
437,453
438,440
438,441
438,442
438,443
438,444
438,445
438,446
438,447
438,448
438,449
438,450
438,451
438,452
438,453
439,440
439,441
439,442
439,443
439,444
439,445
439,446
439,447
439,448
439,449
439,450
439,451
439,452
439,453
440,430
440,431
440,432
440,433
440,434
440,435
440,436
440,437
440,438
440,439
441,430
441,431
441,432
441,433
441,434
441,435
441,436
441,437
441,438
441,439
442,430
442,431
442,432
442,433
442,434
442,435
442,436
442,437
442,438
442,439
443,430
443,431
443,432
443,433
443,434
443,435
443,436
443,437
443,438
443,439
444,430
444,431
444,432
444,433
444,434
444,435
444,436
444,437
444,438
444,439
445,430
445,431
445,432
445,433
445,434
445,435
445,436
445,437
445,438
445,439
446,430
446,431
446,432
446,433
446,434
446,435
446,436
446,437
446,438
446,439
447,430
447,431
447,432
447,433
447,434
447,435
447,436
447,437
447,438
447,439
448,430
448,431
448,432
448,433
448,434
448,435
448,436
448,437
448,438
448,439
449,430
449,431
449,432
449,433
449,434
449,435
449,436
449,437
449,438
449,439
450,430
450,431
450,432
450,433
450,434
450,435
450,436
450,437
450,438
450,439
451,430
451,431
451,432
451,433
451,434
451,435
451,436
451,437
451,438
451,439
452,430
452,431
452,432
452,433
452,434
452,435
452,436
452,437
452,438
452,439
453,430
453,431
453,432
453,433
453,434
453,435
453,436
453,437
453,438
453,439
454,460
454,461
454,462
454,463
454,464
454,465
455,460
455,461
455,462
455,463
455,464
455,465
456,460
456,461
456,462
456,463
456,464
456,465
457,460
457,461
457,462
457,463
457,464
457,465
458,460
458,461
458,462
458,463
458,464
458,465
459,460
459,461
459,462
459,463
459,464
459,465
460,454
460,455
460,456
460,457
460,458
460,459
461,454
461,455
461,456
461,457
461,458
461,459
462,454
462,455
462,456
462,457
462,458
462,459
463,454
463,455
463,456
463,457
463,458
463,459
464,454
464,455
464,456
464,457
464,458
464,459
465,454
465,455
465,456
465,457
465,458
465,459
466,481
466,482
466,483
466,484
466,485
466,486
466,487
466,488
466,489
466,490
466,491
466,492
466,493
466,494
466,495
467,481
467,482
467,483
467,484
467,485
467,486
467,487
467,488
467,489
467,490
467,491
467,492
467,493
467,494
467,495
468,481
468,482
468,483
468,484
468,485
468,486
468,487
468,488
468,489
468,490
468,491
468,492
468,493
468,494
468,495
469,481
469,482
469,483
469,484
469,485
469,486
469,487
469,488
469,489
469,490
469,491
469,492
469,493
469,494
469,495
470,481
470,482
470,483
470,484
470,485
470,486
470,487
470,488
470,489
470,490
470,491
470,492
470,493
470,494
470,495
471,481
471,482
471,483
471,484
471,485
471,486
471,487
471,488
471,489
471,490
471,491
471,492
471,493
471,494
471,495
472,481
472,482
472,483
472,484
472,485
472,486
472,487
472,488
472,489
472,490
472,491
472,492
472,493
472,494
472,495
473,481
473,482
473,483
473,484
473,485
473,486
473,487
473,488
473,489
473,490
473,491
473,492
473,493
473,494
473,495
474,481
474,482
474,483
474,484
474,485
474,486
474,487
474,488
474,489
474,490
474,491
474,492
474,493
474,494
474,495
475,481
475,482
475,483
475,484
475,485
475,486
475,487
475,488
475,489
475,490
475,491
475,492
475,493
475,494
475,495
476,481
476,482
476,483
476,484
476,485
476,486
476,487
476,488
476,489
476,490
476,491
476,492
476,493
476,494
476,495
477,481
477,482
477,483
477,484
477,485
477,486
477,487
477,488
477,489
477,490
477,491
477,492
477,493
477,494
477,495
478,481
478,482
478,483
478,484
478,485
478,486
478,487
478,488
478,489
478,490
478,491
478,492
478,493
478,494
478,495
479,481
479,482
479,483
479,484
479,485
479,486
479,487
479,488
479,489
479,490
479,491
479,492
479,493
479,494
479,495
480,481
480,482
480,483
480,484
480,485
480,486
480,487
480,488
480,489
480,490
480,491
480,492
480,493
480,494
480,495
481,466
481,467
481,468
481,469
481,470
481,471
481,472
481,473
481,474
481,475
481,476
481,477
481,478
481,479
481,480
482,466
482,467
482,468
482,469
482,470
482,471
482,472
482,473
482,474
482,475
482,476
482,477
482,478
482,479
482,480
483,466
483,467
483,468
483,469
483,470
483,471
483,472
483,473
483,474
483,475
483,476
483,477
483,478
483,479
483,480
484,466
484,467
484,468
484,469
484,470
484,471
484,472
484,473
484,474
484,475
484,476
484,477
484,478
484,479
484,480
485,466
485,467
485,468
485,469
485,470
485,471
485,472
485,473
485,474
485,475
485,476
485,477
485,478
485,479
485,480
486,466
486,467
486,468
486,469
486,470
486,471
486,472
486,473
486,474
486,475
486,476
486,477
486,478
486,479
486,480
487,466
487,467
487,468
487,469
487,470
487,471
487,472
487,473
487,474
487,475
487,476
487,477
487,478
487,479
487,480
488,466
488,467
488,468
488,469
488,470
488,471
488,472
488,473
488,474
488,475
488,476
488,477
488,478
488,479
488,480
489,466
489,467
489,468
489,469
489,470
489,471
489,472
489,473
489,474
489,475
489,476
489,477
489,478
489,479
489,480
490,466
490,467
490,468
490,469
490,470
490,471
490,472
490,473
490,474
490,475
490,476
490,477
490,478
490,479
490,480
491,466
491,467
491,468
491,469
491,470
491,471
491,472
491,473
491,474
491,475
491,476
491,477
491,478
491,479
491,480
492,466
492,467
492,468
492,469
492,470
492,471
492,472
492,473
492,474
492,475
492,476
492,477
492,478
492,479
492,480
493,466
493,467
493,468
493,469
493,470
493,471
493,472
493,473
493,474
493,475
493,476
493,477
493,478
493,479
493,480
494,466
494,467
494,468
494,469
494,470
494,471
494,472
494,473
494,474
494,475
494,476
494,477
494,478
494,479
494,480
495,466
495,467
495,468
495,469
495,470
495,471
495,472
495,473
495,474
495,475
495,476
495,477
495,478
495,479
495,480
496,502
496,503
496,504
496,505
496,506
496,507
496,508
497,502
497,503
497,504
497,505
497,506
497,507
497,508
498,502
498,503
498,504
498,505
498,506
498,507
498,508
499,502
499,503
499,504
499,505
499,506
499,507
499,508
500,502
500,503
500,504
500,505
500,506
500,507
500,508
501,502
501,503
501,504
501,505
501,506
501,507
501,508
502,496
502,497
502,498
502,499
502,500
502,501
503,496
503,497
503,498
503,499
503,500
503,501
504,496
504,497
504,498
504,499
504,500
504,501
505,496
505,497
505,498
505,499
505,500
505,501
506,496
506,497
506,498
506,499
506,500
506,501
507,496
507,497
507,498
507,499
507,500
507,501
508,496
508,497
508,498
508,499
508,500
508,501
509,531
509,532
509,533
509,534
509,535
509,536
509,537
509,538
509,539
509,540
509,541
509,542
509,543
509,544
509,545
509,546
509,547
509,548
509,549
509,550
509,551
509,552
510,531
510,532
510,533
510,534
510,535
510,536
510,537
510,538
510,539
510,540
510,541
510,542
510,543
510,544
510,545
510,546
510,547
510,548
510,549
510,550
510,551
510,552
511,531
511,532
511,533
511,534
511,535
511,536
511,537
511,538
511,539
511,540
511,541
511,542
511,543
511,544
511,545
511,546
511,547
511,548
511,549
511,550
511,551
511,552
512,531
512,532
512,533
512,534
512,535
512,536
512,537
512,538
512,539
512,540
512,541
512,542
512,543
512,544
512,545
512,546
512,547
512,548
512,549
512,550
512,551
512,552
513,531
513,532
513,533
513,534
513,535
513,536
513,537
513,538
513,539
513,540
513,541
513,542
513,543
513,544
513,545
513,546
513,547
513,548
513,549
513,550
513,551
513,552
514,531
514,532
514,533
514,534
514,535
514,536
514,537
514,538
514,539
514,540
514,541
514,542
514,543
514,544
514,545
514,546
514,547
514,548
514,549
514,550
514,551
514,552
515,531
515,532
515,533
515,534
515,535
515,536
515,537
515,538
515,539
515,540
515,541
515,542
515,543
515,544
515,545
515,546
515,547
515,548
515,549
515,550
515,551
515,552
516,531
516,532
516,533
516,534
516,535
516,536
516,537
516,538
516,539
516,540
516,541
516,542
516,543
516,544
516,545
516,546
516,547
516,548
516,549
516,550
516,551
516,552
517,531
517,532
517,533
517,534
517,535
517,536
517,537
517,538
517,539
517,540
517,541
517,542
517,543
517,544
517,545
517,546
517,547
517,548
517,549
517,550
517,551
517,552
518,531
518,532
518,533
518,534
518,535
518,536
518,537
518,538
518,539
518,540
518,541
518,542
518,543
518,544
518,545
518,546
518,547
518,548
518,549
518,550
518,551
518,552
519,531
519,532
519,533
519,534
519,535
519,536
519,537
519,538
519,539
519,540
519,541
519,542
519,543
519,544
519,545
519,546
519,547
519,548
519,549
519,550
519,551
519,552
520,531
520,532
520,533
520,534
520,535
520,536
520,537
520,538
520,539
520,540
520,541
520,542
520,543
520,544
520,545
520,546
520,547
520,548
520,549
520,550
520,551
520,552
521,531
521,532
521,533
521,534
521,535
521,536
521,537
521,538
521,539
521,540
521,541
521,542
521,543
521,544
521,545
521,546
521,547
521,548
521,549
521,550
521,551
521,552
522,531
522,532
522,533
522,534
522,535
522,536
522,537
522,538
522,539
522,540
522,541
522,542
522,543
522,544
522,545
522,546
522,547
522,548
522,549
522,550
522,551
522,552
523,531
523,532
523,533
523,534
523,535
523,536
523,537
523,538
523,539
523,540
523,541
523,542
523,543
523,544
523,545
523,546
523,547
523,548
523,549
523,550
523,551
523,552
524,531
524,532
524,533
524,534
524,535
524,536
524,537
524,538
524,539
524,540
524,541
524,542
524,543
524,544
524,545
524,546
524,547
524,548
524,549
524,550
524,551
524,552
525,531
525,532
525,533
525,534
525,535
525,536
525,537
525,538
525,539
525,540
525,541
525,542
525,543
525,544
525,545
525,546
525,547
525,548
525,549
525,550
525,551
525,552
526,531
526,532
526,533
526,534
526,535
526,536
526,537
526,538
526,539
526,540
526,541
526,542
526,543
526,544
526,545
526,546
526,547
526,548
526,549
526,550
526,551
526,552
527,531
527,532
527,533
527,534
527,535
527,536
527,537
527,538
527,539
527,540
527,541
527,542
527,543
527,544
527,545
527,546
527,547
527,548
527,549
527,550
527,551
527,552
528,531
528,532
528,533
528,534
528,535
528,536
528,537
528,538
528,539
528,540
528,541
528,542
528,543
528,544
528,545
528,546
528,547
528,548
528,549
528,550
528,551
528,552
529,531
529,532
529,533
529,534
529,535
529,536
529,537
529,538
529,539
529,540
529,541
529,542
529,543
529,544
529,545
529,546
529,547
529,548
529,549
529,550
529,551
529,552
530,531
530,532
530,533
530,534
530,535
530,536
530,537
530,538
530,539
530,540
530,541
530,542
530,543
530,544
530,545
530,546
530,547
530,548
530,549
530,550
530,551
530,552
531,509
531,510
531,511
531,512
531,513
531,514
531,515
531,516
531,517
531,518
531,519
531,520
531,521
531,522
531,523
531,524
531,525
531,526
531,527
531,528
531,529
531,530
532,509
532,510
532,511
532,512
532,513
532,514
532,515
532,516
532,517
532,518
532,519
532,520
532,521
532,522
532,523
532,524
532,525
532,526
532,527
532,528
532,529
532,530
533,509
533,510
533,511
533,512
533,513
533,514
533,515
533,516
533,517
533,518
533,519
533,520
533,521
533,522
533,523
533,524
533,525
533,526
533,527
533,528
533,529
533,530
534,509
534,510
534,511
534,512
534,513
534,514
534,515
534,516
534,517
534,518
534,519
534,520
534,521
534,522
534,523
534,524
534,525
534,526
534,527
534,528
534,529
534,530
535,509
535,510
535,511
535,512
535,513
535,514
535,515
535,516
535,517
535,518
535,519
535,520
535,521
535,522
535,523
535,524
535,525
535,526
535,527
535,528
535,529
535,530
536,509
536,510
536,511
536,512
536,513
536,514
536,515
536,516
536,517
536,518
536,519
536,520
536,521
536,522
536,523
536,524
536,525
536,526
536,527
536,528
536,529
536,530
537,509
537,510
537,511
537,512
537,513
537,514
537,515
537,516
537,517
537,518
537,519
537,520
537,521
537,522
537,523
537,524
537,525
537,526
537,527
537,528
537,529
537,530
538,509
538,510
538,511
538,512
538,513
538,514
538,515
538,516
538,517
538,518
538,519
538,520
538,521
538,522
538,523
538,524
538,525
538,526
538,527
538,528
538,529
538,530
539,509
539,510
539,511
539,512
539,513
539,514
539,515
539,516
539,517
539,518
539,519
539,520
539,521
539,522
539,523
539,524
539,525
539,526
539,527
539,528
539,529
539,530
540,509
540,510
540,511
540,512
540,513
540,514
540,515
540,516
540,517
540,518
540,519
540,520
540,521
540,522
540,523
540,524
540,525
540,526
540,527
540,528
540,529
540,530
541,509
541,510
541,511
541,512
541,513
541,514
541,515
541,516
541,517
541,518
541,519
541,520
541,521
541,522
541,523
541,524
541,525
541,526
541,527
541,528
541,529
541,530
542,509
542,510
542,511
542,512
542,513
542,514
542,515
542,516
542,517
542,518
542,519
542,520
542,521
542,522
542,523
542,524
542,525
542,526
542,527
542,528
542,529
542,530
543,509
543,510
543,511
543,512
543,513
543,514
543,515
543,516
543,517
543,518
543,519
543,520
543,521
543,522
543,523
543,524
543,525
543,526
543,527
543,528
543,529
543,530
544,509
544,510
544,511
544,512
544,513
544,514
544,515
544,516
544,517
544,518
544,519
544,520
544,521
544,522
544,523
544,524
544,525
544,526
544,527
544,528
544,529
544,530
545,509
545,510
545,511
545,512
545,513
545,514
545,515
545,516
545,517
545,518
545,519
545,520
545,521
545,522
545,523
545,524
545,525
545,526
545,527
545,528
545,529
545,530
546,509
546,510
546,511
546,512
546,513
546,514
546,515
546,516
546,517
546,518
546,519
546,520
546,521
546,522
546,523
546,524
546,525
546,526
546,527
546,528
546,529
546,530
547,509
547,510
547,511
547,512
547,513
547,514
547,515
547,516
547,517
547,518
547,519
547,520
547,521
547,522
547,523
547,524
547,525
547,526
547,527
547,528
547,529
547,530
548,509
548,510
548,511
548,512
548,513
548,514
548,515
548,516
548,517
548,518
548,519
548,520
548,521
548,522
548,523
548,524
548,525
548,526
548,527
548,528
548,529
548,530
549,509
549,510
549,511
549,512
549,513
549,514
549,515
549,516
549,517
549,518
549,519
549,520
549,521
549,522
549,523
549,524
549,525
549,526
549,527
549,528
549,529
549,530
550,509
550,510
550,511
550,512
550,513
550,514
550,515
550,516
550,517
550,518
550,519
550,520
550,521
550,522
550,523
550,524
550,525
550,526
550,527
550,528
550,529
550,530
551,509
551,510
551,511
551,512
551,513
551,514
551,515
551,516
551,517
551,518
551,519
551,520
551,521
551,522
551,523
551,524
551,525
551,526
551,527
551,528
551,529
551,530
552,509
552,510
552,511
552,512
552,513
552,514
552,515
552,516
552,517
552,518
552,519
552,520
552,521
552,522
552,523
552,524
552,525
552,526
552,527
552,528
552,529
552,530
